{
  "Visit page login PI" : {
    "transaction" : "Visit page login PI",
    "sampleCount" : 22163,
    "errorCount" : 9136,
    "errorPct" : 41.221855,
    "meanResTime" : 6453.577494021561,
    "medianResTime" : 6435.5,
    "minResTime" : 490.0,
    "maxResTime" : 25133.0,
    "pct1ResTime" : 21004.0,
    "pct2ResTime" : 21036.0,
    "pct3ResTime" : 21953.87000000002,
    "throughput" : 22.47570447637987,
    "receivedKBytesPerSec" : 224.62979880483417,
    "sentKBytesPerSec" : 27.893448739817075
  },
  "Log Out-0" : {
    "transaction" : "Log Out-0",
    "sampleCount" : 9496,
    "errorCount" : 0,
    "errorPct" : 0.0,
    "meanResTime" : 4709.424283909035,
    "medianResTime" : 5284.5,
    "minResTime" : 272.0,
    "maxResTime" : 23006.0,
    "pct1ResTime" : 7515.300000000001,
    "pct2ResTime" : 8145.049999999997,
    "pct3ResTime" : 9321.03,
    "throughput" : 9.67191274908027,
    "receivedKBytesPerSec" : 14.696773669500882,
    "sentKBytesPerSec" : 15.924653217723963
  },
  "Log Out-1" : {
    "transaction" : "Log Out-1",
    "sampleCount" : 9496,
    "errorCount" : 912,
    "errorPct" : 9.604044,
    "meanResTime" : 4275.314132266212,
    "medianResTime" : 4701.0,
    "minResTime" : 0.0,
    "maxResTime" : 21053.0,
    "pct1ResTime" : 7553.900000000003,
    "pct2ResTime" : 8034.449999999999,
    "pct3ResTime" : 9488.240000000005,
    "throughput" : 9.671893046951867,
    "receivedKBytesPerSec" : 142.31879256948108,
    "sentKBytesPerSec" : 15.028459915778345
  },
  "Total" : {
    "transaction" : "Total",
    "sampleCount" : 134356,
    "errorCount" : 47244,
    "errorPct" : 35.163296,
    "meanResTime" : 6096.386622108398,
    "medianResTime" : 3894.0,
    "minResTime" : 0.0,
    "maxResTime" : 30379.0,
    "pct1ResTime" : 8836.700000000004,
    "pct2ResTime" : 10885.750000000004,
    "pct3ResTime" : 14875.990000000002,
    "throughput" : 136.2516694774396,
    "receivedKBytesPerSec" : 923.5042685999689,
    "sentKBytesPerSec" : 240.51124367544395
  },
  "Get Dash Board" : {
    "transaction" : "Get Dash Board",
    "sampleCount" : 21553,
    "errorCount" : 9418,
    "errorPct" : 43.696934,
    "meanResTime" : 5157.554075998691,
    "medianResTime" : 5448.5,
    "minResTime" : 0.0,
    "maxResTime" : 30240.0,
    "pct1ResTime" : 12475.900000000001,
    "pct2ResTime" : 14558.95,
    "pct3ResTime" : 21050.0,
    "throughput" : 21.9423896466698,
    "receivedKBytesPerSec" : 127.86045101687039,
    "sentKBytesPerSec" : 35.73341522565701
  },
  "Get Dash Board-1" : {
    "transaction" : "Get Dash Board-1",
    "sampleCount" : 3149,
    "errorCount" : 1154,
    "errorPct" : 36.646553,
    "meanResTime" : 4329.143220069853,
    "medianResTime" : 6105.0,
    "minResTime" : 0.0,
    "maxResTime" : 10408.0,
    "pct1ResTime" : 7810.0,
    "pct2ResTime" : 8400.0,
    "pct3ResTime" : 9290.5,
    "throughput" : 6.717078529452544,
    "receivedKBytesPerSec" : 70.76411367732852,
    "sentKBytesPerSec" : 9.756871860368383
  },
  "Get Dash Board-0" : {
    "transaction" : "Get Dash Board-0",
    "sampleCount" : 3149,
    "errorCount" : 0,
    "errorPct" : 0.0,
    "meanResTime" : 6815.362654811047,
    "medianResTime" : 6318.0,
    "minResTime" : 615.0,
    "maxResTime" : 22939.0,
    "pct1ResTime" : 8167.0,
    "pct2ResTime" : 10075.0,
    "pct3ResTime" : 21911.0,
    "throughput" : 6.702866545054374,
    "receivedKBytesPerSec" : 10.185215179789655,
    "sentKBytesPerSec" : 9.8696650888199
  },
  "Login" : {
    "transaction" : "Login",
    "sampleCount" : 21937,
    "errorCount" : 12601,
    "errorPct" : 57.441765,
    "meanResTime" : 8472.167434015499,
    "medianResTime" : 6690.0,
    "minResTime" : 0.0,
    "maxResTime" : 26355.0,
    "pct1ResTime" : 20571.0,
    "pct2ResTime" : 21108.95,
    "pct3ResTime" : 23229.93000000001,
    "throughput" : 22.300090066462136,
    "receivedKBytesPerSec" : 110.16876490042117,
    "sentKBytesPerSec" : 52.295634751587855
  },
  "Login-0" : {
    "transaction" : "Login-0",
    "sampleCount" : 10583,
    "errorCount" : 0,
    "errorPct" : 0.0,
    "meanResTime" : 7392.091845412467,
    "medianResTime" : 7743.0,
    "minResTime" : 352.0,
    "maxResTime" : 13899.0,
    "pct1ResTime" : 10616.6,
    "pct2ResTime" : 11548.8,
    "pct3ResTime" : 12599.48,
    "throughput" : 10.761873092673325,
    "receivedKBytesPerSec" : 17.30011652583846,
    "sentKBytesPerSec" : 17.918939084968766
  },
  "Log Out" : {
    "transaction" : "Log Out",
    "sampleCount" : 21360,
    "errorCount" : 12776,
    "errorPct" : 59.812733,
    "meanResTime" : 5497.784082396963,
    "medianResTime" : 5774.0,
    "minResTime" : 0.0,
    "maxResTime" : 30379.0,
    "pct1ResTime" : 13706.700000000004,
    "pct2ResTime" : 15030.900000000001,
    "pct3ResTime" : 20606.390000000418,
    "throughput" : 21.749091242325196,
    "receivedKBytesPerSec" : 172.71964587088004,
    "sentKBytesPerSec" : 49.20927084765199
  },
  "Login-1" : {
    "transaction" : "Login-1",
    "sampleCount" : 10583,
    "errorCount" : 1142,
    "errorPct" : 10.790891,
    "meanResTime" : 5349.0930737975905,
    "medianResTime" : 6033.0,
    "minResTime" : 0.0,
    "maxResTime" : 12176.0,
    "pct1ResTime" : 8932.800000000001,
    "pct2ResTime" : 9750.399999999998,
    "pct3ResTime" : 10746.16,
    "throughput" : 10.765146274972535,
    "receivedKBytesPerSec" : 71.30096009639348,
    "sentKBytesPerSec" : 16.528794150145462
  },
  "Login-2" : {
    "transaction" : "Login-2",
    "sampleCount" : 887,
    "errorCount" : 105,
    "errorPct" : 11.837655,
    "meanResTime" : 7164.633596392333,
    "medianResTime" : 7893.0,
    "minResTime" : 0.0,
    "maxResTime" : 11244.0,
    "pct1ResTime" : 9583.2,
    "pct2ResTime" : 10036.4,
    "pct3ResTime" : 10505.08,
    "throughput" : 1.991262689529146,
    "receivedKBytesPerSec" : 14.206337580761753,
    "sentKBytesPerSec" : 2.954447621035995
  }
}